{
  "automation_tmt": {
    "scenario_1": -15.854299999999997,
    "scenario_2": -13.694899999999997,
    "scenario_3": -13.5446,
    "scenario_4": -15.230500000000008,
    "scenario_5": -16.8832,
    "scenario_6": -14.811300000000003,
    "scenario_7": -13.514599999999996,
    "scenario_8": -13.723100000000002,
    "scenario_9": -13.8887,
    "scenario_10": -13.611999999999998,
    "scenario_11": -14.050400000000005,
    "scenario_12": -13.872699999999993,
    "scenario_13": -13.834400000000002,
    "scenario_14": -26.980000000000008,
    "scenario_15": -20.3946,
    "scenario_16": -16.079599999999996,
    "scenario_17": -13.9985,
    "scenario_18": -14.105500000000001,
    "scenario_19": -13.818500000000004,
    "scenario_20": -13.978900000000003,
    "scenario_21": -15.992200000000002,
    "scenario_22": -15.895,
    "scenario_23": -15.6903,
    "scenario_24": -15.589500000000001,
    "scenario_25": -15.696399999999999,
    "scenario_26": -15.808500000000004,
    "scenario_27": -15.876900000000001,
    "scenario_28": -15.8432,
    "scenario_29": -15.7265,
    "scenario_30": -15.6882,
    "scenario_31": -15.866800000000003,
    "scenario_32": -15.804599999999995,
    "scenario_33": -15.541000000000006,
    "scenario_34": -15.667999999999992,
    "scenario_35": -15.567200000000001,
    "scenario_36": -15.695100000000004,
    "scenario_37": -14.380699999999996,
    "scenario_38": -14.109100000000002,
    "scenario_39": -13.684000000000005,
    "scenario_40": -13.571700000000005,
    "scenario_41": -13.371900000000005,
    "scenario_42": -13.412399999999998,
    "scenario_43": -13.731800000000003,
    "scenario_44": -13.896300000000004,
    "scenario_45": -15.7375,
    "scenario_46": -14.733600000000003,
    "scenario_47": -14.7238,
    "scenario_48": -14.265199999999998,
    "scenario_49": -13.995900000000002,
    "scenario_50": -14.023200000000005,
    "scenario_51": -13.790500000000002,
    "scenario_52": -13.849000000000004,
    "scenario_53": -15.508400000000002,
    "scenario_54": -15.374700000000006,
    "scenario_55": -15.0913,
    "scenario_56": -14.9869,
    "scenario_57": -15.263099999999996,
    "scenario_58": -15.259300000000001,
    "scenario_59": -15.161900000000001,
    "scenario_60": -15.057700000000006,
    "scenario_61": -15.425599999999998,
    "scenario_62": -15.330900000000003,
    "scenario_63": -15.476200000000006,
    "scenario_64": -15.363399999999993,
    "scenario_65": -14.815099999999994,
    "scenario_66": -14.944799999999997,
    "scenario_67": -14.897999999999998,
    "scenario_68": -15.042900000000005
  },
  "scenarios": [
    "scenario_1",
    "scenario_2",
    "scenario_3",
    "scenario_4",
    "scenario_5",
    "scenario_6",
    "scenario_7",
    "scenario_8",
    "scenario_9",
    "scenario_10",
    "scenario_11",
    "scenario_12",
    "scenario_13",
    "scenario_14",
    "scenario_15",
    "scenario_16",
    "scenario_17",
    "scenario_18",
    "scenario_19",
    "scenario_20",
    "scenario_21",
    "scenario_22",
    "scenario_23",
    "scenario_24",
    "scenario_25",
    "scenario_26",
    "scenario_27",
    "scenario_28",
    "scenario_29",
    "scenario_30",
    "scenario_31",
    "scenario_32",
    "scenario_33",
    "scenario_34",
    "scenario_35",
    "scenario_36",
    "scenario_37",
    "scenario_38",
    "scenario_39",
    "scenario_40",
    "scenario_41",
    "scenario_42",
    "scenario_43",
    "scenario_44",
    "scenario_45",
    "scenario_46",
    "scenario_47",
    "scenario_48",
    "scenario_49",
    "scenario_50",
    "scenario_51",
    "scenario_52",
    "scenario_53",
    "scenario_54",
    "scenario_55",
    "scenario_56",
    "scenario_57",
    "scenario_58",
    "scenario_59",
    "scenario_60",
    "scenario_61",
    "scenario_62",
    "scenario_63",
    "scenario_64",
    "scenario_65",
    "scenario_66",
    "scenario_67",
    "scenario_68"
  ],
  "total_scenarios": 68
}