{
  "summary": {
    "total_scenarios": 68,
    "successful_optimizations": 68,
    "failed_optimizations": 0,
    "skipped_scenarios": 0,
    "processing_time": 13.101669
  },
  "tmt_analysis": {
    "total_tmt_before": 1026.0965,
    "total_tmt_after": 1235.210510323431,
    "improvement": -209.11401032343088,
    "improvement_percentage": -20.379565696153417,
    "scenario_improvements": {
      "scenario_14": 10.869390196396989,
      "scenario_15": 5.82508086871071,
      "scenario_47": 1.712246015029061,
      "scenario_45": 1.3531645394536262,
      "scenario_5": 1.306303853626618,
      "scenario_34": 1.0133003989691876,
      "scenario_13": 0.4945040689448046,
      "scenario_65": 0.3003154645703354,
      "scenario_8": -0.31448742136187313,
      "scenario_9": -0.5352266557369525,
      "scenario_28": -0.638843463968481,
      "scenario_11": -0.6925257038982426,
      "scenario_38": -0.7346910806314266,
      "scenario_31": -1.008718219822791,
      "scenario_44": -1.1288176648798203,
      "scenario_62": -1.2589641087121421,
      "scenario_39": -1.4827755856159666,
      "scenario_59": -1.5375554608327366,
      "scenario_50": -1.5625026327581377,
      "scenario_27": -1.7694839787627163,
      "scenario_46": -1.9462561499817994,
      "scenario_2": -2.2535701939348733,
      "scenario_7": -2.3493575363227883,
      "scenario_43": -2.475488937332269,
      "scenario_48": -2.5582791965971676,
      "scenario_57": -2.6287791057380847,
      "scenario_1": -2.8314264553443866,
      "scenario_30": -2.9210933161788173,
      "scenario_52": -3.129132309853688,
      "scenario_42": -3.5253914570000937,
      "scenario_41": -3.568697397984101,
      "scenario_35": -3.6005607895436516,
      "scenario_29": -3.6592231333173313,
      "scenario_23": -3.724638768939407,
      "scenario_63": -3.7316700089197,
      "scenario_54": -3.8185702432236237,
      "scenario_22": -3.8711897860879,
      "scenario_67": -3.874275299046614,
      "scenario_12": -3.929896637746184,
      "scenario_20": -3.996669878320688,
      "scenario_19": -4.001416569946667,
      "scenario_24": -4.370726469297132,
      "scenario_26": -4.387157402830423,
      "scenario_60": -4.490849701514351,
      "scenario_18": -4.602213174864682,
      "scenario_17": -4.634156601576731,
      "scenario_21": -4.692392346731497,
      "scenario_16": -4.733363828068594,
      "scenario_4": -4.762033663544157,
      "scenario_40": -4.772690938181542,
      "scenario_25": -4.8916289840972365,
      "scenario_64": -4.97534941227782,
      "scenario_6": -4.995116881241831,
      "scenario_33": -5.161616506590727,
      "scenario_66": -5.619342160399963,
      "scenario_58": -5.674477081158644,
      "scenario_56": -5.769217839353162,
      "scenario_49": -5.778266007190311,
      "scenario_61": -5.919316462577571,
      "scenario_37": -6.072863263824734,
      "scenario_53": -6.1597772658608925,
      "scenario_10": -6.20012276783147,
      "scenario_36": -6.247787164226143,
      "scenario_3": -6.3913951747911835,
      "scenario_55": -6.763673918591529,
      "scenario_32": -7.525648758840541,
      "scenario_68": -7.585725292288517,
      "scenario_51": -7.751231513039663
    }
  },
  "relay_analysis": {
    "total_relays": 4998,
    "tds_range": [
      0.05103,
      0.7995
    ],
    "tds_average": 0.4210726650660265,
    "pickup_range": [
      0.00797,
      5.59169
    ],
    "pickup_average": 0.31996906962785115
  }
}