{
    "d_model": 32,
    "nhead": 16,
    "num_encoder_layers": 2,
    "dim_feedforward": 256,
    "dropout": 0.20647313147231663,
    "learning_rate": 0.000581065610494624,
    "batch_size": 16,
    "weight_decay": 3.185175750821139e-06
}