{
    "best_val_loss": 0.6332123391768512,
    "best_params": {
        "d_model": 32,
        "nhead": 16,
        "num_encoder_layers": 2,
        "dim_feedforward": 256,
        "dropout": 0.20647313147231663,
        "learning_rate": 0.000581065610494624,
        "batch_size": 16,
        "weight_decay": 3.185175750821139e-06
    },
    "train_losses": [
        0.774302608269966,
        0.6914454481014513,
        0.6707633670961114,
        0.6571046519880832,
        0.649003415415478,
        0.6461706861013474,
        0.6465076425662734,
        0.6417696702374195,
        0.6371667130410849,
        0.6367763565626625,
        0.6354200312044217,
        0.6386370748193044,
        0.6347008337783531,
        0.6329393959894378,
        0.6331858465155084,
        0.6325650653782513,
        0.6308510508664638,
        0.6317466339124063,
        0.629317128074629,
        0.6295386041661044,
        0.6296370196590084,
        0.6295671215396961,
        0.6281196936655469,
        0.626871141817874,
        0.6287165835986152,
        0.6280153888976893,
        0.6312364316835601,
        0.6287770802790758,
        0.626766744370984,
        0.6250668015076781,
        0.6264020865147475,
        0.626774386146302,
        0.6252364420749313,
        0.6247360283613912,
        0.6236762823619899,
        0.6246334332917494,
        0.624644152930653,
        0.6251362647076388
    ],
    "val_losses": [
        0.6774761743405286,
        0.6586846025551066,
        0.6447882666307337,
        0.647626491504557,
        0.672167642326916,
        0.641147374756196,
        0.638634342656416,
        0.6388297968051013,
        0.6414268069407519,
        0.6413420060101678,
        0.648110081167782,
        0.6402844032820534,
        0.6387677234761855,
        0.6396354738403769,
        0.6385858272804933,
        0.639872990285649,
        0.6384900047498591,
        0.637035465591094,
        0.6393023655695074,
        0.635455709695816,
        0.6374218891648685,
        0.64334796667099,
        0.6353645205497742,
        0.6387032712207121,
        0.637138051145217,
        0.6479664055740132,
        0.633401693316067,
        0.6332123391768512,
        0.6401119126993067,
        0.6381762501071481,
        0.6453093444599824,
        0.6343075881986057,
        0.6378233320572797,
        0.6359395511010114,
        0.6360354107968947,
        0.634499277086819,
        0.6356913720860201,
        0.6353264363373027
    ],
    "num_final_epochs": 38,
    "training_date": "2025-10-09T17:19:13.f",
    "mode": "SINGLE_CELL_EXECUTION"
}