{
    "best_val_loss": 0.6331107430598315,
    "best_params": {
        "d_model": 64,
        "nhead": 16,
        "num_encoder_layers": 3,
        "dim_feedforward": 1024,
        "dropout": 0.24406387170152652,
        "learning_rate": 0.0002356533849024438,
        "batch_size": 16,
        "weight_decay": 3.5554966458120447e-06
    },
    "train_losses": [
        0.7487261592457486,
        0.6946876481484943,
        0.6752092588902935,
        0.6680965102567871,
        0.6617315224971545,
        0.6567785489629921,
        0.6514869197893567,
        0.6484367826218421,
        0.6462234425792355,
        0.645645787967065,
        0.643615917034602,
        0.6449836851581268,
        0.6407575325194735,
        0.6407339160803164,
        0.6397543982865195,
        0.6359606355163393,
        0.6361417696101022,
        0.6333880465179239,
        0.637501446977921,
        0.635874555443444,
        0.6338492148177206,
        0.6328293053261957,
        0.6307299445750806,
        0.6330754552644509,
        0.6347251690106152,
        0.6342217821395716,
        0.6330867026343897,
        0.6319443351790883,
        0.6330960511453781,
        0.6296833335292091,
        0.6315035921706644,
        0.6281760168270116,
        0.6294758354344071,
        0.6269333538563386,
        0.6293533126925857,
        0.6291566232014835,
        0.6240691152630644,
        0.6271912412226023,
        0.626453082533194,
        0.6246383140631883,
        0.6249969532652495,
        0.6265816626633663,
        0.6227643182971003,
        0.6247832092404012,
        0.6244443969839758,
        0.6225006059475398,
        0.6221271411955179,
        0.6241623153495506
    ],
    "val_losses": [
        0.6739773024530972,
        0.6536226398804609,
        0.6530966429149403,
        0.6561412274837494,
        0.6537948625929215,
        0.6435854603262509,
        0.6467931642251856,
        0.6396823339602526,
        0.6406116461052614,
        0.6470874653143042,
        0.6514857155435225,
        0.6385383626993965,
        0.6410827591138728,
        0.6456250509795021,
        0.646829488698174,
        0.6387012485195609,
        0.645193118908826,
        0.6394928448340472,
        0.6376740041901083,
        0.6409120244138381,
        0.6399746267234578,
        0.6381616119076224,
        0.641838273230721,
        0.6481972392867593,
        0.646512435464298,
        0.6443096017136293,
        0.6385894154801088,
        0.6337186634540558,
        0.6437329425531275,
        0.6385006515418782,
        0.6395417259019964,
        0.633265217963387,
        0.6423728904303383,
        0.6440963380477007,
        0.6466701363815981,
        0.6382737671627717,
        0.6425851551925434,
        0.6331107430598315,
        0.634194227176554,
        0.6440337700002333,
        0.6421474677674911,
        0.6362976796486799,
        0.6366572464213652,
        0.6384895966333501,
        0.6363095574519213,
        0.6374783319585463,
        0.6384129229713889,
        0.6437076189938713
    ],
    "num_final_epochs": 48,
    "training_date": "2025-10-10T16:07:24.f",
    "mode": "SINGLE_CELL_EXECUTION"
}